<?xml version="1.0" encoding="ISO-8859-1" ?>
<link_info>
   <banner>TI ARM Linker PC v20.2.4.LTS</banner>
   <copyright>Copyright (c) 1996-2018 Texas Instruments Incorporated</copyright>
   <link_time>0x670771e7</link_time>
   <link_errors>0x0</link_errors>
   <output_file>lab4.out</output_file>
   <entry_point>
      <name>_c_int00_noinit_noargs</name>
      <address>0x355</address>
   </entry_point>
   <input_file_list>
      <input_file id="fl-2">
         <path>.\</path>
         <kind>object</kind>
         <file>buttons.obj</file>
         <name>buttons.obj</name>
      </input_file>
      <input_file id="fl-3">
         <path>.\</path>
         <kind>object</kind>
         <file>main.obj</file>
         <name>main.obj</name>
      </input_file>
      <input_file id="fl-4">
         <path>.\</path>
         <kind>object</kind>
         <file>pinout.obj</file>
         <name>pinout.obj</name>
      </input_file>
      <input_file id="fl-5">
         <path>.\</path>
         <kind>object</kind>
         <file>tm4c129encpdt_startup_ccs.obj</file>
         <name>tm4c129encpdt_startup_ccs.obj</name>
      </input_file>
      <input_file id="fl-6">
         <path>.\</path>
         <kind>object</kind>
         <file>uartstdio.obj</file>
         <name>uartstdio.obj</name>
      </input_file>
      <input_file id="fl-b">
         <kind>object</kind>
         <file>&lt;internal&gt;</file>
         <name>&lt;internal&gt;</name>
      </input_file>
      <input_file id="fl-c1">
         <path>C:\ti\ccs1031\ccs\tools\compiler\ti-cgt-arm_20.2.4.LTS\lib\</path>
         <kind>archive</kind>
         <file>rtsv7M4_T_le_v4SPD16_eabi.lib</file>
         <name>u_divt2.asm.obj</name>
      </input_file>
      <input_file id="fl-c2">
         <path>C:\ti\ccs1031\ccs\tools\compiler\ti-cgt-arm_20.2.4.LTS\lib\</path>
         <kind>archive</kind>
         <file>rtsv7M4_T_le_v4SPD16_eabi.lib</file>
         <name>copy_zero_init.c.obj</name>
      </input_file>
      <input_file id="fl-c3">
         <path>C:\ti\ccs1031\ccs\tools\compiler\ti-cgt-arm_20.2.4.LTS\lib\</path>
         <kind>archive</kind>
         <file>rtsv7M4_T_le_v4SPD16_eabi.lib</file>
         <name>copy_decompress_none.c.obj</name>
      </input_file>
      <input_file id="fl-c4">
         <path>C:\ti\ccs1031\ccs\tools\compiler\ti-cgt-arm_20.2.4.LTS\lib\</path>
         <kind>archive</kind>
         <file>rtsv7M4_T_le_v4SPD16_eabi.lib</file>
         <name>copy_decompress_lzss.c.obj</name>
      </input_file>
      <input_file id="fl-c5">
         <path>C:\ti\ccs1031\ccs\tools\compiler\ti-cgt-arm_20.2.4.LTS\lib\</path>
         <kind>archive</kind>
         <file>rtsv7M4_T_le_v4SPD16_eabi.lib</file>
         <name>boot_cortex_m.c.obj</name>
      </input_file>
      <input_file id="fl-c6">
         <path>C:\ti\ccs1031\ccs\tools\compiler\ti-cgt-arm_20.2.4.LTS\lib\</path>
         <kind>archive</kind>
         <file>rtsv7M4_T_le_v4SPD16_eabi.lib</file>
         <name>div0.asm.obj</name>
      </input_file>
      <input_file id="fl-c7">
         <path>C:\ti\ccs1031\ccs\tools\compiler\ti-cgt-arm_20.2.4.LTS\lib\</path>
         <kind>archive</kind>
         <file>rtsv7M4_T_le_v4SPD16_eabi.lib</file>
         <name>memset_t2.asm.obj</name>
      </input_file>
      <input_file id="fl-c8">
         <path>C:\ti\ccs1031\ccs\tools\compiler\ti-cgt-arm_20.2.4.LTS\lib\</path>
         <kind>archive</kind>
         <file>rtsv7M4_T_le_v4SPD16_eabi.lib</file>
         <name>memcpy_t2.asm.obj</name>
      </input_file>
      <input_file id="fl-c9">
         <path>C:\ti\ccs1031\ccs\tools\compiler\ti-cgt-arm_20.2.4.LTS\lib\</path>
         <kind>archive</kind>
         <file>rtsv7M4_T_le_v4SPD16_eabi.lib</file>
         <name>autoinit.c.obj</name>
      </input_file>
      <input_file id="fl-ca">
         <path>C:\ti\ccs1031\ccs\tools\compiler\ti-cgt-arm_20.2.4.LTS\lib\</path>
         <kind>archive</kind>
         <file>rtsv7M4_T_le_v4SPD16_eabi.lib</file>
         <name>pre_init.c.obj</name>
      </input_file>
      <input_file id="fl-cb">
         <path>C:\ti\ccs1031\ccs\tools\compiler\ti-cgt-arm_20.2.4.LTS\lib\</path>
         <kind>archive</kind>
         <file>rtsv7M4_T_le_v4SPD16_eabi.lib</file>
         <name>cpy_tbl.c.obj</name>
      </input_file>
      <input_file id="fl-cc">
         <path>C:\ti\ccs1031\ccs\tools\compiler\ti-cgt-arm_20.2.4.LTS\lib\</path>
         <kind>archive</kind>
         <file>rtsv7M4_T_le_v4SPD16_eabi.lib</file>
         <name>exit.c.obj</name>
      </input_file>
      <input_file id="fl-cd">
         <path>C:\ti\ccs1031\ccs\tools\compiler\ti-cgt-arm_20.2.4.LTS\lib\</path>
         <kind>archive</kind>
         <file>rtsv7M4_T_le_v4SPD16_eabi.lib</file>
         <name>_lock.c.obj</name>
      </input_file>
      <input_file id="fl-ce">
         <path>C:\ti\ccs1031\ccs\tools\compiler\ti-cgt-arm_20.2.4.LTS\lib\</path>
         <kind>archive</kind>
         <file>rtsv7M4_T_le_v4SPD16_eabi.lib</file>
         <name>args_main.c.obj</name>
      </input_file>
      <input_file id="fl-cf">
         <path>C:\ti\TivaWare_C_Series-2.2.0.295\driverlib\ccs\Debug\</path>
         <kind>archive</kind>
         <file>driverlib.lib</file>
         <name>gpio.obj</name>
      </input_file>
      <input_file id="fl-d0">
         <path>C:\ti\TivaWare_C_Series-2.2.0.295\driverlib\ccs\Debug\</path>
         <kind>archive</kind>
         <file>driverlib.lib</file>
         <name>interrupt.obj</name>
      </input_file>
      <input_file id="fl-d1">
         <path>C:\ti\TivaWare_C_Series-2.2.0.295\driverlib\ccs\Debug\</path>
         <kind>archive</kind>
         <file>driverlib.lib</file>
         <name>cpu.obj</name>
      </input_file>
   </input_file_list>
   <object_component_list>
      <object_component id="oc-12">
         <name>.intvecs</name>
         <load_address>0x0</load_address>
         <run_address>0x0</run_address>
         <size>0x208</size>
         <input_file_ref idref="fl-5"/>
      </object_component>
      <object_component id="oc-9b">
         <name>.text</name>
         <load_address>0x208</load_address>
         <run_address>0x208</run_address>
         <size>0x14c</size>
         <input_file_ref idref="fl-3"/>
      </object_component>
      <object_component id="oc-53">
         <name>.text:_c_int00_noinit_noargs:_c_int00_noinit_noargs</name>
         <load_address>0x354</load_address>
         <run_address>0x354</run_address>
         <size>0x2c</size>
         <input_file_ref idref="fl-c5"/>
      </object_component>
      <object_component id="oc-27">
         <name>.text</name>
         <load_address>0x380</load_address>
         <run_address>0x380</run_address>
         <size>0xc</size>
         <input_file_ref idref="fl-5"/>
      </object_component>
      <object_component id="oc-95">
         <name>.text:_system_pre_init</name>
         <load_address>0x38c</load_address>
         <run_address>0x38c</run_address>
         <size>0x4</size>
         <input_file_ref idref="fl-ca"/>
      </object_component>
      <object_component id="oc-c5">
         <name>.text:abort:abort</name>
         <load_address>0x390</load_address>
         <run_address>0x390</run_address>
         <size>0x4</size>
         <input_file_ref idref="fl-cc"/>
      </object_component>
      <object_component id="oc-24">
         <name>.stack</name>
         <uninitialized>true</uninitialized>
         <run_address>0x20000000</run_address>
         <size>0x4</size>
         <input_file_ref idref="fl-c5"/>
      </object_component>
      <object_component id="oc-182">
         <name>.stack</name>
         <uninitialized>true</uninitialized>
         <run_address>0x20000000</run_address>
         <size>0x0</size>
      </object_component>
      <object_component id="oc-b2">
         <name>.debug_info</name>
         <load_address>0x0</load_address>
         <run_address>0x0</run_address>
         <size>0x2ea</size>
         <input_file_ref idref="fl-2"/>
      </object_component>
      <object_component id="oc-70">
         <name>.debug_info</name>
         <load_address>0x2ea</load_address>
         <run_address>0x2ea</run_address>
         <size>0x26b</size>
         <input_file_ref idref="fl-2"/>
      </object_component>
      <object_component id="oc-36">
         <name>.debug_info</name>
         <load_address>0x555</load_address>
         <run_address>0x555</run_address>
         <size>0x84</size>
         <input_file_ref idref="fl-2"/>
      </object_component>
      <object_component id="oc-ad">
         <name>.debug_info</name>
         <load_address>0x5d9</load_address>
         <run_address>0x5d9</run_address>
         <size>0x2a4</size>
         <input_file_ref idref="fl-2"/>
      </object_component>
      <object_component id="oc-75">
         <name>.debug_info</name>
         <load_address>0x87d</load_address>
         <run_address>0x87d</run_address>
         <size>0xbb</size>
         <input_file_ref idref="fl-2"/>
      </object_component>
      <object_component id="oc-c4">
         <name>.debug_info</name>
         <load_address>0x938</load_address>
         <run_address>0x938</run_address>
         <size>0x298</size>
         <input_file_ref idref="fl-3"/>
      </object_component>
      <object_component id="oc-9d">
         <name>.debug_info</name>
         <load_address>0xbd0</load_address>
         <run_address>0xbd0</run_address>
         <size>0x439</size>
         <input_file_ref idref="fl-3"/>
      </object_component>
      <object_component id="oc-2f">
         <name>.debug_info</name>
         <load_address>0x1009</load_address>
         <run_address>0x1009</run_address>
         <size>0x2a9</size>
         <input_file_ref idref="fl-5"/>
      </object_component>
      <object_component id="oc-13">
         <name>.debug_info</name>
         <load_address>0x12b2</load_address>
         <run_address>0x12b2</run_address>
         <size>0xe8</size>
         <input_file_ref idref="fl-5"/>
      </object_component>
      <object_component id="oc-2a">
         <name>.debug_info</name>
         <load_address>0x139a</load_address>
         <run_address>0x139a</run_address>
         <size>0x267</size>
         <input_file_ref idref="fl-5"/>
      </object_component>
      <object_component id="oc-25">
         <name>.debug_info</name>
         <load_address>0x1601</load_address>
         <run_address>0x1601</run_address>
         <size>0x10b</size>
         <input_file_ref idref="fl-c5"/>
      </object_component>
      <object_component id="oc-54">
         <name>.debug_info</name>
         <load_address>0x170c</load_address>
         <run_address>0x170c</run_address>
         <size>0x1a2</size>
         <input_file_ref idref="fl-c5"/>
      </object_component>
      <object_component id="oc-96">
         <name>.debug_info</name>
         <load_address>0x18ae</load_address>
         <run_address>0x18ae</run_address>
         <size>0x153</size>
         <input_file_ref idref="fl-ca"/>
      </object_component>
      <object_component id="oc-c9">
         <name>.debug_info</name>
         <load_address>0x1a01</load_address>
         <run_address>0x1a01</run_address>
         <size>0x122</size>
         <input_file_ref idref="fl-cc"/>
      </object_component>
      <object_component id="oc-183">
         <name>.debug_info</name>
         <load_address>0x1b23</load_address>
         <run_address>0x1b23</run_address>
         <size>0x9a</size>
      </object_component>
      <object_component id="oc-104">
         <name>.debug_line</name>
         <load_address>0x0</load_address>
         <run_address>0x0</run_address>
         <size>0x56</size>
         <input_file_ref idref="fl-2"/>
      </object_component>
      <object_component id="oc-73">
         <name>.debug_line</name>
         <load_address>0x56</load_address>
         <run_address>0x56</run_address>
         <size>0x6f</size>
         <input_file_ref idref="fl-2"/>
      </object_component>
      <object_component id="oc-39">
         <name>.debug_line</name>
         <load_address>0xc5</load_address>
         <run_address>0xc5</run_address>
         <size>0x20</size>
         <input_file_ref idref="fl-2"/>
      </object_component>
      <object_component id="oc-b0">
         <name>.debug_line</name>
         <load_address>0xe5</load_address>
         <run_address>0xe5</run_address>
         <size>0x73</size>
         <input_file_ref idref="fl-2"/>
      </object_component>
      <object_component id="oc-78">
         <name>.debug_line</name>
         <load_address>0x158</load_address>
         <run_address>0x158</run_address>
         <size>0x70</size>
         <input_file_ref idref="fl-2"/>
      </object_component>
      <object_component id="oc-106">
         <name>.debug_line</name>
         <load_address>0x1c8</load_address>
         <run_address>0x1c8</run_address>
         <size>0x2d</size>
         <input_file_ref idref="fl-3"/>
      </object_component>
      <object_component id="oc-9f">
         <name>.debug_line</name>
         <load_address>0x1f5</load_address>
         <run_address>0x1f5</run_address>
         <size>0x11d</size>
         <input_file_ref idref="fl-3"/>
      </object_component>
      <object_component id="oc-6f">
         <name>.debug_line</name>
         <load_address>0x312</load_address>
         <run_address>0x312</run_address>
         <size>0x42</size>
         <input_file_ref idref="fl-5"/>
      </object_component>
      <object_component id="oc-2e">
         <name>.debug_line</name>
         <load_address>0x354</load_address>
         <run_address>0x354</run_address>
         <size>0x42</size>
         <input_file_ref idref="fl-5"/>
      </object_component>
      <object_component id="oc-29">
         <name>.debug_line</name>
         <load_address>0x396</load_address>
         <run_address>0x396</run_address>
         <size>0x9c</size>
         <input_file_ref idref="fl-5"/>
      </object_component>
      <object_component id="oc-6c">
         <name>.debug_line</name>
         <load_address>0x432</load_address>
         <run_address>0x432</run_address>
         <size>0x33</size>
         <input_file_ref idref="fl-c5"/>
      </object_component>
      <object_component id="oc-58">
         <name>.debug_line</name>
         <load_address>0x465</load_address>
         <run_address>0x465</run_address>
         <size>0x48</size>
         <input_file_ref idref="fl-c5"/>
      </object_component>
      <object_component id="oc-99">
         <name>.debug_line</name>
         <load_address>0x4ad</load_address>
         <run_address>0x4ad</run_address>
         <size>0x40</size>
         <input_file_ref idref="fl-ca"/>
      </object_component>
      <object_component id="oc-c6">
         <name>.debug_line</name>
         <load_address>0x4ed</load_address>
         <run_address>0x4ed</run_address>
         <size>0x3c</size>
         <input_file_ref idref="fl-cc"/>
      </object_component>
      <object_component id="oc-103">
         <name>.debug_abbrev</name>
         <load_address>0x0</load_address>
         <run_address>0x0</run_address>
         <size>0x4b</size>
         <input_file_ref idref="fl-2"/>
      </object_component>
      <object_component id="oc-72">
         <name>.debug_abbrev</name>
         <load_address>0x4b</load_address>
         <run_address>0x4b</run_address>
         <size>0x69</size>
         <input_file_ref idref="fl-2"/>
      </object_component>
      <object_component id="oc-38">
         <name>.debug_abbrev</name>
         <load_address>0xb4</load_address>
         <run_address>0xb4</run_address>
         <size>0x1f</size>
         <input_file_ref idref="fl-2"/>
      </object_component>
      <object_component id="oc-af">
         <name>.debug_abbrev</name>
         <load_address>0xd3</load_address>
         <run_address>0xd3</run_address>
         <size>0x5c</size>
         <input_file_ref idref="fl-2"/>
      </object_component>
      <object_component id="oc-77">
         <name>.debug_abbrev</name>
         <load_address>0x12f</load_address>
         <run_address>0x12f</run_address>
         <size>0x24</size>
         <input_file_ref idref="fl-2"/>
      </object_component>
      <object_component id="oc-105">
         <name>.debug_abbrev</name>
         <load_address>0x153</load_address>
         <run_address>0x153</run_address>
         <size>0x5f</size>
         <input_file_ref idref="fl-3"/>
      </object_component>
      <object_component id="oc-c3">
         <name>.debug_abbrev</name>
         <load_address>0x1b2</load_address>
         <run_address>0x1b2</run_address>
         <size>0xa9</size>
         <input_file_ref idref="fl-3"/>
      </object_component>
      <object_component id="oc-6e">
         <name>.debug_abbrev</name>
         <load_address>0x25b</load_address>
         <run_address>0x25b</run_address>
         <size>0x68</size>
         <input_file_ref idref="fl-5"/>
      </object_component>
      <object_component id="oc-2d">
         <name>.debug_abbrev</name>
         <load_address>0x2c3</load_address>
         <run_address>0x2c3</run_address>
         <size>0x29</size>
         <input_file_ref idref="fl-5"/>
      </object_component>
      <object_component id="oc-6d">
         <name>.debug_abbrev</name>
         <load_address>0x2ec</load_address>
         <run_address>0x2ec</run_address>
         <size>0xcb</size>
         <input_file_ref idref="fl-5"/>
      </object_component>
      <object_component id="oc-6b">
         <name>.debug_abbrev</name>
         <load_address>0x3b7</load_address>
         <run_address>0x3b7</run_address>
         <size>0x29</size>
         <input_file_ref idref="fl-c5"/>
      </object_component>
      <object_component id="oc-a2">
         <name>.debug_abbrev</name>
         <load_address>0x3e0</load_address>
         <run_address>0x3e0</run_address>
         <size>0x55</size>
         <input_file_ref idref="fl-c5"/>
      </object_component>
      <object_component id="oc-c2">
         <name>.debug_abbrev</name>
         <load_address>0x435</load_address>
         <run_address>0x435</run_address>
         <size>0x55</size>
         <input_file_ref idref="fl-ca"/>
      </object_component>
      <object_component id="oc-107">
         <name>.debug_abbrev</name>
         <load_address>0x48a</load_address>
         <run_address>0x48a</run_address>
         <size>0x45</size>
         <input_file_ref idref="fl-cc"/>
      </object_component>
      <object_component id="oc-184">
         <name>.debug_abbrev</name>
         <load_address>0x4cf</load_address>
         <run_address>0x4cf</run_address>
         <size>0xf</size>
      </object_component>
      <object_component id="oc-74">
         <name>.debug_str</name>
         <load_address>0x0</load_address>
         <run_address>0x0</run_address>
         <size>0x2ab</size>
         <input_file_ref idref="fl-2"/>
      </object_component>
      <object_component id="oc-3a">
         <name>.debug_str</name>
         <load_address>0x2ab</load_address>
         <run_address>0x2ab</run_address>
         <size>0xfd</size>
         <input_file_ref idref="fl-2"/>
      </object_component>
      <object_component id="oc-b1">
         <name>.debug_str</name>
         <load_address>0x3a8</load_address>
         <run_address>0x3a8</run_address>
         <size>0x341</size>
         <input_file_ref idref="fl-2"/>
      </object_component>
      <object_component id="oc-79">
         <name>.debug_str</name>
         <load_address>0x6e9</load_address>
         <run_address>0x6e9</run_address>
         <size>0x143</size>
         <input_file_ref idref="fl-2"/>
      </object_component>
      <object_component id="oc-71">
         <name>.debug_pubtypes</name>
         <load_address>0x0</load_address>
         <run_address>0x0</run_address>
         <size>0x25c</size>
         <input_file_ref idref="fl-2"/>
      </object_component>
      <object_component id="oc-37">
         <name>.debug_pubtypes</name>
         <load_address>0x25c</load_address>
         <run_address>0x25c</run_address>
         <size>0xed</size>
         <input_file_ref idref="fl-2"/>
      </object_component>
      <object_component id="oc-ae">
         <name>.debug_pubtypes</name>
         <load_address>0x349</load_address>
         <run_address>0x349</run_address>
         <size>0x330</size>
         <input_file_ref idref="fl-2"/>
      </object_component>
      <object_component id="oc-76">
         <name>.debug_pubtypes</name>
         <load_address>0x679</load_address>
         <run_address>0x679</run_address>
         <size>0xaa</size>
         <input_file_ref idref="fl-2"/>
      </object_component>
      <object_component id="oc-a0">
         <name>.debug_frame</name>
         <load_address>0x0</load_address>
         <run_address>0x0</run_address>
         <size>0xe4</size>
         <input_file_ref idref="fl-3"/>
      </object_component>
      <object_component id="oc-28">
         <name>.debug_frame</name>
         <load_address>0xe4</load_address>
         <run_address>0xe4</run_address>
         <size>0x90</size>
         <input_file_ref idref="fl-5"/>
      </object_component>
      <object_component id="oc-57">
         <name>.debug_frame</name>
         <load_address>0x174</load_address>
         <run_address>0x174</run_address>
         <size>0x50</size>
         <input_file_ref idref="fl-c5"/>
      </object_component>
      <object_component id="oc-9a">
         <name>.debug_frame</name>
         <load_address>0x1c4</load_address>
         <run_address>0x1c4</run_address>
         <size>0x54</size>
         <input_file_ref idref="fl-ca"/>
      </object_component>
      <object_component id="oc-c8">
         <name>.debug_frame</name>
         <load_address>0x218</load_address>
         <run_address>0x218</run_address>
         <size>0x54</size>
         <input_file_ref idref="fl-cc"/>
      </object_component>
      <object_component id="oc-9c">
         <name>.debug_aranges</name>
         <load_address>0x0</load_address>
         <run_address>0x0</run_address>
         <size>0x50</size>
         <input_file_ref idref="fl-3"/>
      </object_component>
      <object_component id="oc-2c">
         <name>.debug_aranges</name>
         <load_address>0x50</load_address>
         <run_address>0x50</run_address>
         <size>0x38</size>
         <input_file_ref idref="fl-5"/>
      </object_component>
      <object_component id="oc-55">
         <name>.debug_aranges</name>
         <load_address>0x88</load_address>
         <run_address>0x88</run_address>
         <size>0x20</size>
         <input_file_ref idref="fl-c5"/>
      </object_component>
      <object_component id="oc-98">
         <name>.debug_aranges</name>
         <load_address>0xa8</load_address>
         <run_address>0xa8</run_address>
         <size>0x20</size>
         <input_file_ref idref="fl-ca"/>
      </object_component>
      <object_component id="oc-c7">
         <name>.debug_aranges</name>
         <load_address>0xc8</load_address>
         <run_address>0xc8</run_address>
         <size>0x20</size>
         <input_file_ref idref="fl-cc"/>
      </object_component>
      <object_component id="oc-9e">
         <name>.debug_pubnames</name>
         <load_address>0x0</load_address>
         <run_address>0x0</run_address>
         <size>0x80</size>
         <input_file_ref idref="fl-3"/>
      </object_component>
      <object_component id="oc-14">
         <name>.debug_pubnames</name>
         <load_address>0x80</load_address>
         <run_address>0x80</run_address>
         <size>0x23</size>
         <input_file_ref idref="fl-5"/>
      </object_component>
      <object_component id="oc-2b">
         <name>.debug_pubnames</name>
         <load_address>0xa3</load_address>
         <run_address>0xa3</run_address>
         <size>0x4c</size>
         <input_file_ref idref="fl-5"/>
      </object_component>
      <object_component id="oc-26">
         <name>.debug_pubnames</name>
         <load_address>0xef</load_address>
         <run_address>0xef</run_address>
         <size>0x1e</size>
         <input_file_ref idref="fl-c5"/>
      </object_component>
      <object_component id="oc-56">
         <name>.debug_pubnames</name>
         <load_address>0x10d</load_address>
         <run_address>0x10d</run_address>
         <size>0x2d</size>
         <input_file_ref idref="fl-c5"/>
      </object_component>
      <object_component id="oc-97">
         <name>.debug_pubnames</name>
         <load_address>0x13a</load_address>
         <run_address>0x13a</run_address>
         <size>0x27</size>
         <input_file_ref idref="fl-ca"/>
      </object_component>
      <object_component id="oc-ca">
         <name>.debug_pubnames</name>
         <load_address>0x161</load_address>
         <run_address>0x161</run_address>
         <size>0x1c</size>
         <input_file_ref idref="fl-cc"/>
      </object_component>
   </object_component_list>
   <logical_group_list>
      <logical_group id="lg-3" display="no" color="cyan">
         <name>.intvecs</name>
         <load_address>0x0</load_address>
         <run_address>0x0</run_address>
         <size>0x208</size>
         <contents>
            <object_component_ref idref="oc-12"/>
         </contents>
      </logical_group>
      <logical_group id="lg-4" display="no" color="cyan">
         <name>.text</name>
         <load_address>0x208</load_address>
         <run_address>0x208</run_address>
         <size>0x18c</size>
         <contents>
            <object_component_ref idref="oc-9b"/>
            <object_component_ref idref="oc-53"/>
            <object_component_ref idref="oc-27"/>
            <object_component_ref idref="oc-95"/>
            <object_component_ref idref="oc-c5"/>
         </contents>
      </logical_group>
      <logical_group id="lg-5" display="no" color="cyan">
         <name>.const</name>
         <run_address>0x0</run_address>
         <size>0x0</size>
         <contents>
         </contents>
      </logical_group>
      <logical_group id="lg-6" display="no" color="cyan">
         <name>.cinit</name>
         <run_address>0x0</run_address>
         <size>0x0</size>
         <contents>
         </contents>
      </logical_group>
      <logical_group id="lg-7" display="no" color="cyan">
         <name>.pinit</name>
         <run_address>0x0</run_address>
         <size>0x0</size>
         <contents>
         </contents>
      </logical_group>
      <logical_group id="lg-8" display="no" color="cyan">
         <name>.init_array</name>
         <run_address>0x0</run_address>
         <size>0x0</size>
         <contents>
         </contents>
      </logical_group>
      <logical_group id="lg-9" display="no" color="cyan">
         <name>.vtable</name>
         <run_address>0x0</run_address>
         <size>0x0</size>
         <contents>
         </contents>
      </logical_group>
      <logical_group id="lg-a" display="no" color="cyan">
         <name>.data</name>
         <run_address>0x0</run_address>
         <size>0x0</size>
         <contents>
         </contents>
      </logical_group>
      <logical_group id="lg-b" display="no" color="cyan">
         <name>.bss</name>
         <run_address>0x0</run_address>
         <size>0x0</size>
         <contents>
         </contents>
      </logical_group>
      <logical_group id="lg-c" display="no" color="cyan">
         <name>.sysmem</name>
         <run_address>0x0</run_address>
         <size>0x0</size>
         <contents>
         </contents>
      </logical_group>
      <logical_group id="lg-d" display="no" color="cyan">
         <name>.stack</name>
         <run_address>0x20000000</run_address>
         <size>0x200</size>
         <contents>
            <object_component_ref idref="oc-24"/>
            <object_component_ref idref="oc-182"/>
         </contents>
      </logical_group>
      <logical_group id="lg-157" display="no" color="cyan">
         <name>.TI.noinit</name>
         <run_address>0x0</run_address>
         <size>0x0</size>
         <contents>
         </contents>
      </logical_group>
      <logical_group id="lg-158" display="no" color="cyan">
         <name>.TI.persistent</name>
         <run_address>0x0</run_address>
         <size>0x0</size>
         <contents>
         </contents>
      </logical_group>
      <logical_group id="lg-159" display="no" color="cyan">
         <name>__llvm_prf_cnts</name>
         <run_address>0x20000000</run_address>
         <size>0x0</size>
         <contents>
         </contents>
      </logical_group>
      <logical_group id="lg-168" display="never" color="cyan">
         <name>.debug_info</name>
         <load_address>0x0</load_address>
         <run_address>0x0</run_address>
         <size>0x1bbd</size>
         <contents>
            <object_component_ref idref="oc-b2"/>
            <object_component_ref idref="oc-70"/>
            <object_component_ref idref="oc-36"/>
            <object_component_ref idref="oc-ad"/>
            <object_component_ref idref="oc-75"/>
            <object_component_ref idref="oc-c4"/>
            <object_component_ref idref="oc-9d"/>
            <object_component_ref idref="oc-2f"/>
            <object_component_ref idref="oc-13"/>
            <object_component_ref idref="oc-2a"/>
            <object_component_ref idref="oc-25"/>
            <object_component_ref idref="oc-54"/>
            <object_component_ref idref="oc-96"/>
            <object_component_ref idref="oc-c9"/>
            <object_component_ref idref="oc-183"/>
         </contents>
      </logical_group>
      <logical_group id="lg-16a" display="never" color="cyan">
         <name>.debug_line</name>
         <load_address>0x0</load_address>
         <run_address>0x0</run_address>
         <size>0x529</size>
         <contents>
            <object_component_ref idref="oc-104"/>
            <object_component_ref idref="oc-73"/>
            <object_component_ref idref="oc-39"/>
            <object_component_ref idref="oc-b0"/>
            <object_component_ref idref="oc-78"/>
            <object_component_ref idref="oc-106"/>
            <object_component_ref idref="oc-9f"/>
            <object_component_ref idref="oc-6f"/>
            <object_component_ref idref="oc-2e"/>
            <object_component_ref idref="oc-29"/>
            <object_component_ref idref="oc-6c"/>
            <object_component_ref idref="oc-58"/>
            <object_component_ref idref="oc-99"/>
            <object_component_ref idref="oc-c6"/>
         </contents>
      </logical_group>
      <logical_group id="lg-16c" display="never" color="cyan">
         <name>.debug_abbrev</name>
         <load_address>0x0</load_address>
         <run_address>0x0</run_address>
         <size>0x4de</size>
         <contents>
            <object_component_ref idref="oc-103"/>
            <object_component_ref idref="oc-72"/>
            <object_component_ref idref="oc-38"/>
            <object_component_ref idref="oc-af"/>
            <object_component_ref idref="oc-77"/>
            <object_component_ref idref="oc-105"/>
            <object_component_ref idref="oc-c3"/>
            <object_component_ref idref="oc-6e"/>
            <object_component_ref idref="oc-2d"/>
            <object_component_ref idref="oc-6d"/>
            <object_component_ref idref="oc-6b"/>
            <object_component_ref idref="oc-a2"/>
            <object_component_ref idref="oc-c2"/>
            <object_component_ref idref="oc-107"/>
            <object_component_ref idref="oc-184"/>
         </contents>
      </logical_group>
      <logical_group id="lg-16e" display="never" color="cyan">
         <name>.debug_str</name>
         <load_address>0x0</load_address>
         <run_address>0x0</run_address>
         <size>0x82c</size>
         <contents>
            <object_component_ref idref="oc-74"/>
            <object_component_ref idref="oc-3a"/>
            <object_component_ref idref="oc-b1"/>
            <object_component_ref idref="oc-79"/>
         </contents>
      </logical_group>
      <logical_group id="lg-170" display="never" color="cyan">
         <name>.debug_pubtypes</name>
         <load_address>0x0</load_address>
         <run_address>0x0</run_address>
         <size>0x723</size>
         <contents>
            <object_component_ref idref="oc-71"/>
            <object_component_ref idref="oc-37"/>
            <object_component_ref idref="oc-ae"/>
            <object_component_ref idref="oc-76"/>
         </contents>
      </logical_group>
      <logical_group id="lg-172" display="never" color="cyan">
         <name>.debug_frame</name>
         <load_address>0x0</load_address>
         <run_address>0x0</run_address>
         <size>0x26c</size>
         <contents>
            <object_component_ref idref="oc-a0"/>
            <object_component_ref idref="oc-28"/>
            <object_component_ref idref="oc-57"/>
            <object_component_ref idref="oc-9a"/>
            <object_component_ref idref="oc-c8"/>
         </contents>
      </logical_group>
      <logical_group id="lg-174" display="never" color="cyan">
         <name>.debug_aranges</name>
         <load_address>0x0</load_address>
         <run_address>0x0</run_address>
         <size>0xe8</size>
         <contents>
            <object_component_ref idref="oc-9c"/>
            <object_component_ref idref="oc-2c"/>
            <object_component_ref idref="oc-55"/>
            <object_component_ref idref="oc-98"/>
            <object_component_ref idref="oc-c7"/>
         </contents>
      </logical_group>
      <logical_group id="lg-176" display="never" color="cyan">
         <name>.debug_pubnames</name>
         <load_address>0x0</load_address>
         <run_address>0x0</run_address>
         <size>0x17d</size>
         <contents>
            <object_component_ref idref="oc-9e"/>
            <object_component_ref idref="oc-14"/>
            <object_component_ref idref="oc-2b"/>
            <object_component_ref idref="oc-26"/>
            <object_component_ref idref="oc-56"/>
            <object_component_ref idref="oc-97"/>
            <object_component_ref idref="oc-ca"/>
         </contents>
      </logical_group>
      <logical_group id="lg-181" display="no" color="cyan">
         <name>Veneer$$CMSE</name>
         <run_address>0x0</run_address>
         <size>0x0</size>
         <contents>
         </contents>
      </logical_group>
      <load_segment id="lg-185" display="no" color="cyan">
         <name>SEGMENT_0</name>
         <load_address>0x0</load_address>
         <run_address>0x0</run_address>
         <size>0x394</size>
         <flags>0x5</flags>
         <contents>
            <logical_group_ref idref="lg-3"/>
            <logical_group_ref idref="lg-4"/>
         </contents>
      </load_segment>
      <load_segment id="lg-186" display="no" color="cyan">
         <name>SEGMENT_1</name>
         <run_address>0x20000000</run_address>
         <size>0x200</size>
         <flags>0x6</flags>
         <contents>
            <logical_group_ref idref="lg-d"/>
         </contents>
      </load_segment>
   </logical_group_list>
   <placement_map>
      <memory_area display="yes" color="green">
         <name>FLASH</name>
         <page_id>0x0</page_id>
         <origin>0x0</origin>
         <length>0x100000</length>
         <used_space>0x394</used_space>
         <unused_space>0xffc6c</unused_space>
         <attributes>RX</attributes>
         <usage_details>
            <allocated_space>
               <start_address>0x0</start_address>
               <size>0x208</size>
               <logical_group_ref idref="lg-3"/>
            </allocated_space>
            <allocated_space>
               <start_address>0x208</start_address>
               <size>0x18c</size>
               <logical_group_ref idref="lg-4"/>
            </allocated_space>
            <available_space>
               <start_address>0x394</start_address>
               <size>0xffc6c</size>
            </available_space>
         </usage_details>
      </memory_area>
      <memory_area display="yes" color="green">
         <name>SRAM</name>
         <page_id>0x0</page_id>
         <origin>0x20000000</origin>
         <length>0x40000</length>
         <used_space>0x200</used_space>
         <unused_space>0x3fe00</unused_space>
         <attributes>RWX</attributes>
         <usage_details>
            <allocated_space>
               <start_address>0x20000000</start_address>
               <size>0x0</size>
               <logical_group_ref idref="lg-159"/>
            </allocated_space>
            <allocated_space>
               <start_address>0x20000000</start_address>
               <size>0x200</size>
               <logical_group_ref idref="lg-d"/>
            </allocated_space>
            <available_space>
               <start_address>0x20000200</start_address>
               <size>0x3fe00</size>
            </available_space>
         </usage_details>
      </memory_area>
   </placement_map>
   <symbol_table>
      <symbol id="sm-1">
         <name>__STACK_TOP</name>
         <value>0x20000200</value>
      </symbol>
      <symbol id="sm-2">
         <name>__start___llvm_prf_cnts</name>
         <value>0x20000000</value>
      </symbol>
      <symbol id="sm-3">
         <name>__stop___llvm_prf_cnts</name>
         <value>0x20000000</value>
      </symbol>
      <symbol id="sm-4">
         <name>binit</name>
         <value>0xffffffff</value>
      </symbol>
      <symbol id="sm-5">
         <name>__binit__</name>
         <value>0xffffffff</value>
      </symbol>
      <symbol id="sm-6">
         <name>__STACK_SIZE</name>
         <value>0x200</value>
      </symbol>
      <symbol id="sm-7">
         <name>__STACK_END</name>
         <value>0x20000200</value>
      </symbol>
      <symbol id="sm-8">
         <name>__c_args__</name>
         <value>0xffffffff</value>
      </symbol>
      <symbol id="sm-9">
         <name>__TI_pprof_out_hndl</name>
         <value>0xffffffff</value>
      </symbol>
      <symbol id="sm-a">
         <name>__TI_prof_data_start</name>
         <value>0xffffffff</value>
      </symbol>
      <symbol id="sm-b">
         <name>__TI_prof_data_size</name>
         <value>0xffffffff</value>
      </symbol>
      <symbol id="sm-c">
         <name>__TI_static_base__</name>
         <value>0x0</value>
      </symbol>
      <symbol id="sm-5c">
         <name>UART_getString</name>
         <value>0x2c3</value>
         <object_component_ref idref="oc-9b"/>
      </symbol>
      <symbol id="sm-5d">
         <name>UART_getChar</name>
         <value>0x2a9</value>
         <object_component_ref idref="oc-9b"/>
      </symbol>
      <symbol id="sm-5e">
         <name>UART_putChar</name>
         <value>0x281</value>
         <object_component_ref idref="oc-9b"/>
      </symbol>
      <symbol id="sm-5f">
         <name>UART_putString</name>
         <value>0x28f</value>
         <object_component_ref idref="oc-9b"/>
      </symbol>
      <symbol id="sm-60">
         <name>main</name>
         <value>0x2df</value>
         <object_component_ref idref="oc-9b"/>
      </symbol>
      <symbol id="sm-61">
         <name>UART_reset</name>
         <value>0x209</value>
         <object_component_ref idref="oc-9b"/>
      </symbol>
      <symbol id="sm-62">
         <name>UART_init</name>
         <value>0x215</value>
         <object_component_ref idref="oc-9b"/>
      </symbol>
      <symbol id="sm-7f">
         <name>ResetISR</name>
         <value>0x381</value>
         <object_component_ref idref="oc-27"/>
      </symbol>
      <symbol id="sm-80">
         <name>g_pfnVectors</name>
         <value>0x0</value>
         <object_component_ref idref="oc-12"/>
      </symbol>
      <symbol id="sm-98">
         <name>_c_int00_noinit_noargs</name>
         <value>0x355</value>
         <object_component_ref idref="oc-53"/>
      </symbol>
      <symbol id="sm-99">
         <name>__stack</name>
         <value>0x20000000</value>
         <object_component_ref idref="oc-24"/>
      </symbol>
      <symbol id="sm-a7">
         <name>_system_pre_init</name>
         <value>0x38d</value>
         <object_component_ref idref="oc-95"/>
      </symbol>
      <symbol id="sm-b3">
         <name>C$$EXIT</name>
         <value>0x391</value>
         <object_component_ref idref="oc-c5"/>
      </symbol>
      <symbol id="sm-b4">
         <name>abort</name>
         <value>0x391</value>
         <object_component_ref idref="oc-c5"/>
      </symbol>
      <symbol id="sm-ba">
         <name>__mpu_init</name>
         <value>0x0</value>
      </symbol>
   </symbol_table>
   <title>Link successful</title>
</link_info>
